Filename	Lig:LigChain:ProtChain	Distance	ProtAtomName	LigAtomName
/Users/svenmiller/PDBrenum/mmCIF/6pai.cif	EPE EA AA	3.8317891585466395	2055_OD1	Center
/Users/svenmiller/PDBrenum/mmCIF/6pai.cif	EPE FA AA	3.675445283983362	2029_O	Center
/Users/svenmiller/PDBrenum/mmCIF/6pai.cif	EPE FA BC	8.750935948165138	8759_OE1	Center
/Users/svenmiller/PDBrenum/mmCIF/6pai.cif	O6M GC BC	4.387263071515149	10141_NE2	Center
/Users/svenmiller/PDBrenum/mmCIF/6pai.cif	O6M GC CD	3.1581908204984304	12088_CE	Center
/Users/svenmiller/PDBrenum/mmCIF/6pai.cif	ZN HC BC	2.1215046547203253	9832_SG	Center
/Users/svenmiller/PDBrenum/mmCIF/6pai.cif	HOH IA AA	3.4402508629458977	463_O	Center
/Users/svenmiller/PDBrenum/mmCIF/3gqy.cif	FBP EA AA	3.2803896811202176	3721_O	Center
/Users/svenmiller/PDBrenum/mmCIF/3gqy.cif	TLA FA AA	4.036468270654434	2308_OG1	Center
/Users/svenmiller/PDBrenum/mmCIF/3gqy.cif	TLA FA BB	9.08926387008321	6104_CG	Center
/Users/svenmiller/PDBrenum/mmCIF/3gqy.cif	UNX GA AA	2.811147452553849	462_OD1	Center
/Users/svenmiller/PDBrenum/mmCIF/3gqy.cif	DZG HB AA	3.612001650516418	93_CD1	Center
/Users/svenmiller/PDBrenum/mmCIF/3gqy.cif	DZG HB BB	4.019947651815051	3910_CD2	Center
/Users/svenmiller/PDBrenum/mmCIF/3gqy.cif	FBP IB BB	3.284884141411993	7445_O	Center
/Users/svenmiller/PDBrenum/mmCIF/3gqy.cif	TLA JB AA	9.166427170386504	2411_CG	Center
/Users/svenmiller/PDBrenum/mmCIF/3gqy.cif	TLA JB BB	4.0694554758591455	5998_OG1	Center
/Users/svenmiller/PDBrenum/mmCIF/3gqy.cif	TLA KB AA	8.481150566403121	177_OD1	Center
/Users/svenmiller/PDBrenum/mmCIF/3gqy.cif	TLA KB BB	3.681770895914083	5132_O	Center
/Users/svenmiller/PDBrenum/mmCIF/3gqy.cif	UNX LB BB	3.109393188389014	5494_O	Center
/Users/svenmiller/PDBrenum/mmCIF/3gqy.cif	UNX MB BB	2.786772147126494	7032_O	Center
/Users/svenmiller/PDBrenum/mmCIF/3gqy.cif	UNX NB BB	2.756174341365219	4277_OD1	Center
/Users/svenmiller/PDBrenum/mmCIF/3gqy.cif	DZG OC CC	3.605183351170302	7628_CG	Center
/Users/svenmiller/PDBrenum/mmCIF/3gqy.cif	DZG OC DD	3.983024352870011	11442_CD2	Center
/Users/svenmiller/PDBrenum/mmCIF/3gqy.cif	FBP PC CC	3.6978425128715178	10650_OG	Center
/Users/svenmiller/PDBrenum/mmCIF/3gqy.cif	TLA QC CC	4.042638467634722	9868_OG1	Center
/Users/svenmiller/PDBrenum/mmCIF/3gqy.cif	TLA QC DD	9.067713933511579	13633_CG	Center
/Users/svenmiller/PDBrenum/mmCIF/3gqy.cif	UNX RC CC	3.0626893410857075	8407_O	Center
/Users/svenmiller/PDBrenum/mmCIF/3gqy.cif	UNX SC CC	2.773253865047336	8001_OD1	Center
/Users/svenmiller/PDBrenum/mmCIF/3gqy.cif	FBP TD DD	3.477808944579908	14958_O	Center
/Users/svenmiller/PDBrenum/mmCIF/3gqy.cif	TLA UD CC	9.119727141203295	9977_NE	Center
/Users/svenmiller/PDBrenum/mmCIF/3gqy.cif	TLA UD DD	4.056716915191398	13525_OG1	Center
/Users/svenmiller/PDBrenum/mmCIF/3gqy.cif	TLA VD CC	8.281729373144223	7716_OD1	Center
/Users/svenmiller/PDBrenum/mmCIF/3gqy.cif	TLA VD DD	3.612418138864883	12665_O	Center
/Users/svenmiller/PDBrenum/mmCIF/3gqy.cif	UNX WD DD	2.5321850248352713	11959_OG1	Center
/Users/svenmiller/PDBrenum/mmCIF/3gqy.cif	UNX XD DD	2.6643224279354767	11987_OG	Center
/Users/svenmiller/PDBrenum/mmCIF/3gqy.cif	UNX YD DD	2.816763035826763	11813_OD1	Center
/Users/svenmiller/PDBrenum/mmCIF/3gqy.cif	HOH ZA AA	1.8203695361044978	264_CD1	Center
/Users/svenmiller/PDBrenum/mmCIF/3gqy.cif	HOH AAB BB	0.7225076004264732	6212_SG	Center
/Users/svenmiller/PDBrenum/mmCIF/3gqy.cif	HOH BAC CC	1.690131016583337	7803_CD1	Center
/Users/svenmiller/PDBrenum/mmCIF/3gqy.cif	HOH CAD DD	2.569717898678582	14542_C	Center
/Users/svenmiller/PDBrenum/mmCIF/6h0f.cif	ZN MB BB	2.205255087285822	17025_SG	Center
/Users/svenmiller/PDBrenum/mmCIF/6h0f.cif	ZN MB CC	7.4561674471540655	19284_HD12	Center
/Users/svenmiller/PDBrenum/mmCIF/6h0f.cif	Y70 NB BB	3.3316341840166332	17453_HB2	Center
/Users/svenmiller/PDBrenum/mmCIF/6h0f.cif	Y70 NB CC	3.730528577177832	19034_HA3	Center
/Users/svenmiller/PDBrenum/mmCIF/6h0f.cif	ZN OC BB	4.585118210035594	18178_HB2	Center
/Users/svenmiller/PDBrenum/mmCIF/6h0f.cif	ZN OC CC	1.9179481223432484	19298_NE2	Center
/Users/svenmiller/PDBrenum/mmCIF/6h0f.cif	ZN OC KK	6.709975111727314	72254_OE1	Center
/Users/svenmiller/PDBrenum/mmCIF/6h0f.cif	ZN PE EE	2.154385527244368	37390_SG	Center
/Users/svenmiller/PDBrenum/mmCIF/6h0f.cif	ZN PE FF	7.604469014993749	38534_HD12	Center
/Users/svenmiller/PDBrenum/mmCIF/6h0f.cif	Y70 QE EE	3.3328483838356426	36703_HB2	Center
/Users/svenmiller/PDBrenum/mmCIF/6h0f.cif	Y70 QE FF	3.815794868525822	38284_HA3	Center
/Users/svenmiller/PDBrenum/mmCIF/6h0f.cif	ZN RF EE	4.65428898973839	37428_HB2	Center
/Users/svenmiller/PDBrenum/mmCIF/6h0f.cif	ZN RF FF	1.9798580757215907	38471_NE2	Center
/Users/svenmiller/PDBrenum/mmCIF/6h0f.cif	ZN RF HH	6.797760292920018	52717_OE1	Center
/Users/svenmiller/PDBrenum/mmCIF/6h0f.cif	ZN SH HH	2.2767815002762113	55648_SG	Center
/Users/svenmiller/PDBrenum/mmCIF/6h0f.cif	ZN SH II	7.6112352479738785	57840_HD12	Center
/Users/svenmiller/PDBrenum/mmCIF/6h0f.cif	Y70 TH HH	3.334008314507791	56027_HB2	Center
/Users/svenmiller/PDBrenum/mmCIF/6h0f.cif	Y70 TH II	3.8310523260689093	57590_HA3	Center
/Users/svenmiller/PDBrenum/mmCIF/6h0f.cif	ZN UI EE	6.757459655817412	33393_OE1	Center
/Users/svenmiller/PDBrenum/mmCIF/6h0f.cif	ZN UI HH	4.590751899199083	56734_HB2	Center
/Users/svenmiller/PDBrenum/mmCIF/6h0f.cif	ZN UI II	1.9839697578340278	57854_NE2	Center
/Users/svenmiller/PDBrenum/mmCIF/6h0f.cif	ZN VK KK	2.292491657563883	76200_SG	Center
/Users/svenmiller/PDBrenum/mmCIF/6h0f.cif	ZN VK LL	7.663733163413245	77395_HD12	Center
/Users/svenmiller/PDBrenum/mmCIF/6h0f.cif	Y70 WK KK	3.3328042454361944	75564_HB2	Center
/Users/svenmiller/PDBrenum/mmCIF/6h0f.cif	Y70 WK LL	3.781127841173939	77145_HA3	Center
/Users/svenmiller/PDBrenum/mmCIF/6h0f.cif	ZN XL BB	6.577773483482082	14143_OE1	Center
/Users/svenmiller/PDBrenum/mmCIF/6h0f.cif	ZN XL KK	4.7414252076775405	76289_HB2	Center
/Users/svenmiller/PDBrenum/mmCIF/6h0f.cif	ZN XL LL	1.9589091352076544	77409_NE2	Center
/Users/svenmiller/PDBrenum/mmCIF/6h0f.cif	HOH YA AA	1.8281486280524335	549_HG21	Center
/Users/svenmiller/PDBrenum/mmCIF/6h0f.cif	HOH ZB AA	8.674306414796387	1838_HG2	Center
/Users/svenmiller/PDBrenum/mmCIF/6h0f.cif	HOH ZB BB	0.7689012362528195	15514_HG2	Center
/Users/svenmiller/PDBrenum/mmCIF/6h0f.cif	HOH AAC BB	4.614237712414339	17486_HD2	Center
/Users/svenmiller/PDBrenum/mmCIF/6h0f.cif	HOH AAC CC	0.8813355395837258	19032_H	Center
/Users/svenmiller/PDBrenum/mmCIF/6h0f.cif	HOH AAC KK	6.332018319619739	72263_HE22	Center
/Users/svenmiller/PDBrenum/mmCIF/6h0f.cif	HOH BAE EE	0.9444926217287254	37424_CE1	Center
/Users/svenmiller/PDBrenum/mmCIF/6h0f.cif	HOH BAE FF	2.3663081609333956	38276_HB2	Center
/Users/svenmiller/PDBrenum/mmCIF/6h0f.cif	HOH CAG GG	2.777130113384438	48119_HD22	Center
/Users/svenmiller/PDBrenum/mmCIF/6h0f.cif	HOH CAG HH	1.5994610550640673	54317_HD23	Center
/Users/svenmiller/PDBrenum/mmCIF/6h0f.cif	HOH DAH HH	1.7577182140491125	54686_HB3	Center
/Users/svenmiller/PDBrenum/mmCIF/6h0f.cif	HOH EAJ JJ	0.7195799893765188	63235_H	Center
/Users/svenmiller/PDBrenum/mmCIF/6h0f.cif	HOH EAJ KK	4.344698957094471	73085_HD13	Center
